SensorType,Px_pred,Py_pred,Vx_pred,Vy_pred,Px_meas,Py_meas,Px_gt,Py_gt,Vx_gt,Vy_gt,NIS
L,0,0,0,0,0.312243,0.58034,0.6,0.6,5.19994,0,0
R,0.665427,0.300571,1.70295,3.16514,0.862916,0.534212,0.859997,0.600045,5.19975,0.00179686,18.0231
L,1.15304,0.491832,1.80887,3.10716,1.17385,0.481073,1.11998,0.600225,5.19943,0.00538996,0.381678
R,1.28502,0.535462,3.38834,1.55421,0.969149,0.397513,1.37996,0.600629,5.19898,0.0107781,4.21625
L,1.53282,0.647042,3.57039,1.19012,1.65063,0.62469,1.6399,0.601347,5.19839,0.0179597,1.22643
R,1.80035,0.586434,3.54941,-1.66473,1.62331,0.499091,1.89982,0.60247,5.19766,0.0269323,3.51081
L,2.05112,0.574761,3.81264,-1.14393,2.18882,0.648739,2.1597,0.604086,5.19678,0.0376932,1.84913
R,2.26594,0.635211,4.28369,0.369402,1.96701,0.557116,2.41954,0.606284,5.19573,0.0502389,4.29564
L,2.5288,0.661534,4.38847,0.383237,2.65526,0.66598,2.67932,0.609155,5.1945,0.0645654,1.00855
R,2.79714,0.647318,4.70709,0.212791,2.92034,0.645898,2.93904,0.612786,5.19309,0.080668,1.99225
L,3.02452,0.651355,4.6987,0.179213,3.01222,0.637046,3.19869,0.617267,5.19147,0.0985415,0.0226522
R,3.31485,0.551236,4.87678,-0.578202,3.56096,0.485311,3.45825,0.622686,5.18963,0.11818,3.51342
L,3.64118,0.452368,4.94783,-1.26355,3.89365,0.311793,3.71772,0.629131,5.18754,0.139576,5.1007
R,3.92654,0.540129,5.17422,-0.31249,4.19786,0.698311,3.97708,0.636689,5.18519,0.162724,3.87498
L,4.21469,0.544889,5.23873,-0.203356,4.30935,0.578564,4.23632,0.645449,5.18256,0.187614,0.616754
R,4.48005,0.597263,5.23357,0.185007,4.61908,0.68951,4.49542,0.655498,5.17962,0.214238,0.780114
L,4.64211,0.727554,4.94585,0.929148,4.35143,0.899174,4.75437,0.666921,5.17634,0.242587,7.23136
R,4.90845,0.720573,5.00402,0.773423,5.20902,0.66599,5.01316,0.679804,5.1727,0.272649,1.68747
L,5.2452,0.709798,5.18221,0.591321,5.51893,0.648233,5.27175,0.694234,5.16867,0.304413,4.72309
R,5.49365,0.715148,5.18118,0.545191,5.22835,0.639362,5.53013,0.710295,5.16422,0.337868,1.13631
L,5.81472,0.723855,5.29067,0.490845,6.022,0.708619,5.78828,0.728071,5.15932,0.372999,2.52171
R,6.06742,0.638247,5.26281,0.0557822,5.89392,0.373584,6.04618,0.747646,5.15393,0.409793,3.61641
L,6.32709,0.765193,5.244,0.56695,6.34249,0.948833,6.30379,0.769103,5.14803,0.448233,2.52093
R,6.58342,0.803843,5.21781,0.649803,6.62134,0.836138,6.56111,0.792523,5.14157,0.488305,0.204168
L,6.83209,0.789916,5.20715,0.528323,6.78214,0.714036,6.81808,0.817988,5.13452,0.52999,0.551462
R,7.09419,0.772972,5.19219,0.405533,7.29121,0.630741,7.07469,0.845578,5.12685,0.573269,1.92477
L,7.30384,0.860427,5.10005,0.662927,7.13735,0.957217,7.3309,0.875372,5.1185,0.618123,2.29773
R,7.59646,0.874613,5.17176,0.635429,8.08349,0.819605,7.58668,0.907449,5.10946,0.664531,3.22248
L,7.84748,0.837912,5.16882,0.454941,7.80533,0.719126,7.84199,0.941886,5.09966,0.712469,1.08444
R,8.11312,0.860209,5.16195,0.469108,8.40453,0.884557,8.0968,0.978758,5.08907,0.761915,1.47132
L,8.34598,0.870224,5.12418,0.452966,8.24796,0.840322,8.35106,1.01814,5.07766,0.812843,0.591966
R,8.59858,0.969672,5.12183,0.698803,8.45858,1.41118,8.60472,1.06011,5.06537,0.865226,4.2242
L,8.83116,1.02291,5.07767,0.785505,8.74615,1.04858,8.85775,1.10473,5.05216,0.919037,0.456518
R,9.12965,1.06631,5.14369,0.828188,9.8809,1.1419,9.1101,1.15208,5.03798,0.974245,6.71962
L,9.36087,1.08993,5.10372,0.816267,9.25579,1.04913,9.36172,1.20223,5.0228,1.03082,0.716254
R,9.64248,1.16997,5.13432,0.956081,10.1016,1.52474,9.61255,1.25524,5.00656,1.08873,4.08069
L,9.92365,1.29642,5.13658,1.21204,10.0484,1.44598,9.86254,1.31118,4.98922,1.14793,2.34225
R,10.188,1.39269,5.10304,1.36251,10.5377,1.72555,10.1116,1.37011,4.97074,1.2084,3.16813
L,10.4032,1.46631,5.0233,1.43791,10.2492,1.45907,10.3598,1.4321,4.95106,1.2701,1.32207
R,10.6539,1.55494,4.97352,1.54289,10.9084,1.70343,10.6069,1.49721,4.93014,1.33298,1.90825
L,10.8726,1.57448,4.9342,1.45462,10.7313,1.45265,10.853,1.56549,4.90794,1.39701,2.04869
R,11.1408,1.62766,4.96356,1.45139,11.4783,1.42876,11.0979,1.637,4.8844,1.46213,1.6711
L,11.4316,1.66365,5.03154,1.39299,11.587,1.61462,11.3416,1.71179,4.85948,1.52832,1.56279
R,11.6664,1.72091,4.98691,1.40433,11.4763,1.53917,11.584,1.78992,4.83313,1.59551,0.970114
L,11.8887,1.78033,4.93719,1.42123,11.7788,1.74591,11.8251,1.87144,4.80531,1.66366,0.735107
R,12.1374,1.8734,4.92965,1.51787,12.136,2.14937,12.0648,1.95639,4.77598,1.73273,0.710082
L,12.3768,1.8923,4.92644,1.40982,12.3226,1.78353,12.3029,2.04482,4.74508,1.80265,0.951371
R,12.6242,1.95102,4.93335,1.41022,12.5457,1.77728,12.5394,2.13677,4.71258,1.87338,0.470718
L,12.8072,2.08842,4.79864,1.63021,12.5924,2.17509,12.7743,2.23227,4.67842,1.94485,3.23908
R,13.0638,2.19926,4.81748,1.74544,13.2198,2.66441,13.0075,2.33136,4.64258,2.01701,2.43092
L,13.2541,2.33995,4.69188,1.93849,13.0875,2.40708,13.2388,2.43409,4.605,2.08981,1.95767
R,13.4346,2.48796,4.5338,2.13296,12.7087,3.12439,13.4682,2.54047,4.56564,2.16317,8.35713
L,13.6954,2.59833,4.55906,2.20098,13.836,2.62479,13.6955,2.65053,4.52448,2.23703,1.13387
R,13.9156,2.71241,4.51138,2.27546,13.8302,2.73893,13.9208,2.7643,4.48147,2.31134,0.0933725
L,14.149,2.865,4.4682,2.43401,14.2105,2.94205,14.1439,2.88179,4.43656,2.38601,0.585788
R,14.3907,2.97777,4.48765,2.47108,14.5568,2.87021,14.3646,3.00303,4.38974,2.46099,0.739701
L,14.5916,3.04151,4.45004,2.39163,14.4616,2.90734,14.583,3.12802,4.34097,2.5362,2.04317
R,14.8125,3.1992,4.4095,2.54111,14.6754,3.96041,14.7989,3.25679,4.29021,2.61157,3.33464
L,15.0198,3.39151,4.30824,2.76434,15.0261,3.5067,15.0122,3.38932,4.23744,2.68703,0.915547
R,15.2382,3.55882,4.24374,2.90253,15.3685,4.14761,15.2228,3.52563,4.18263,2.76249,2.2377
L,15.4574,3.74433,4.17829,3.06742,15.5236,3.82936,15.4306,3.66572,4.12575,2.83789,0.688661
R,15.6693,3.87813,4.14816,3.09151,15.7234,3.4105,15.6356,3.80957,4.06678,2.91315,1.01439
L,15.9004,4.01576,4.15404,3.11237,15.9774,4.00094,15.8375,3.95718,4.00571,2.98817,0.373363
R,16.1104,4.17645,4.08888,3.1914,16.3376,4.21632,16.0363,4.10854,3.94251,3.0629,0.927332
L,16.3096,4.37324,4.0006,3.34519,16.3313,4.44499,16.2319,4.26363,3.87716,3.13723,0.3606
R,16.5228,4.53815,3.97233,3.40275,16.7586,4.48231,16.4242,4.42242,3.80966,3.21109,0.588458
L,16.6948,4.70578,3.8669,3.47221,16.6039,4.67344,16.613,4.5849,3.74,3.28438,0.518648
R,16.8689,4.89544,3.72085,3.58633,16.9236,5.10119,16.7983,4.75103,3.66817,3.35704,1.55337
L,17.0289,5.12567,3.56194,3.77437,16.9955,5.21099,16.9799,4.92077,3.59416,3.42897,0.596005
R,17.2043,5.29641,3.48317,3.81007,17.3421,4.64623,17.1578,5.09409,3.51797,3.50008,1.70946
L,17.3588,5.47766,3.37498,3.86582,17.2894,5.43542,17.3319,5.27094,3.4396,3.57028,0.366318
R,17.5209,5.64689,3.28709,3.88741,17.6463,4.74597,17.5019,5.45128,3.35907,3.63949,3.15587
L,17.7249,5.76512,3.345,3.78122,17.7853,5.62476,17.6679,5.63506,3.27637,3.70762,1.6343
R,17.8794,5.96211,3.22366,3.86309,17.9216,6.07151,17.8297,5.82221,3.19151,3.77458,0.594077
L,18.0594,6.15393,3.19351,3.91212,18.1263,6.16985,17.9872,6.01269,3.10453,3.84027,0.271311
R,18.2097,6.36411,3.08579,4.0027,18.1245,6.79027,18.1403,6.20641,3.01542,3.90462,0.679834
L,18.3172,6.60645,2.88204,4.15854,18.2164,6.66138,18.2888,6.40332,2.92421,3.96753,0.884687
R,18.4508,6.82285,2.7572,4.23779,18.4022,7.02231,18.4328,6.60333,2.83093,4.0289,0.222588
L,18.5958,6.95531,2.74151,4.13947,18.5422,6.76013,18.572,6.80638,2.7356,4.08866,2.49607
R,18.7403,7.16411,2.68556,4.19212,18.8089,7.24388,18.7064,7.01237,2.63826,4.14672,0.156086
L,18.9583,7.29664,2.83635,4.06184,19.1441,7.18344,18.8359,7.22122,2.53893,4.20299,3.20855
R,19.0468,7.50135,2.62889,4.13016,18.5479,7.4012,18.9604,7.43283,2.43767,4.25737,3.77909
L,19.1208,7.7686,2.39305,4.3066,19.0138,7.8688,19.0798,7.64712,2.3345,4.3098,1.48473
R,19.2386,7.97766,2.30896,4.3423,19.3089,7.67375,19.1939,7.86397,2.22949,4.36017,0.277425
L,19.2975,8.19253,2.09983,4.39593,19.132,8.12845,19.3028,8.08329,2.12266,4.40842,1.8051
R,19.3806,8.4056,1.97607,4.43164,19.0239,8.17194,19.4062,8.30497,2.01409,4.45445,2.17601
L,19.4648,8.54643,1.90132,4.33386,19.347,8.30741,19.5042,8.5289,1.90381,4.49819,4.08232
R,19.5578,8.75557,1.81097,4.35927,19.6843,8.35902,19.5967,8.75494,1.7919,4.53956,0.451117
L,19.7495,8.92575,1.97688,4.28763,20.0039,8.8906,19.6835,8.983,1.67841,4.57848,4.17894
R,19.8274,9.14793,1.83741,4.33926,19.6061,9.48659,19.7645,9.21294,1.56341,4.61488,0.646152
L,19.9767,9.37454,1.88821,4.37211,20.1574,9.45949,19.8398,9.44463,1.44697,4.64869,2.2866
R,20.0264,9.59659,1.68108,4.4187,19.6163,9.76606,19.9093,9.67795,1.32916,4.67984,2.05449
L,20.1155,9.83926,1.60203,4.485,20.1573,9.90876,19.9728,9.91275,1.21005,4.70826,0.372274
R,20.1639,10.0903,1.43384,4.56539,19.1911,11.5493,20.0303,10.1489,1.08972,4.73389,7.13403
L,20.2039,10.3636,1.24509,4.67171,20.166,10.4687,20.0817,10.3863,0.968259,4.75666,0.81322
R,20.2182,10.5994,1.0068,4.70119,19.6774,10.803,20.1271,10.6247,0.845742,4.77651,2.5324
L,20.2843,10.874,0.916295,4.78743,20.3711,11.0109,20.1663,10.864,0.722256,4.7934,1.47988
R,20.3025,11.1325,0.733075,4.83849,19.4335,12.3402,20.1993,11.1041,0.597892,4.80727,4.88675
L,20.3319,11.3689,0.605954,4.84627,20.3164,11.3483,20.2261,11.3449,0.472738,4.81806,0.0372248
R,20.2781,11.6154,0.23657,4.84777,19.2063,12.2418,20.2466,11.5861,0.346889,4.82575,8.0081
L,20.3774,11.8604,0.319545,4.87122,20.6141,11.9421,20.2608,11.8275,0.22044,4.83027,3.75518
R,20.3766,12.0964,0.190739,4.86992,19.966,11.9688,20.2687,12.0692,0.093487,4.83159,2.40018
L,20.3583,12.381,-0.0111889,4.933,20.3263,12.4966,20.2701,12.3108,-0.0338694,4.82968,0.88775
R,20.3118,12.6189,-0.278707,4.90032,20.0192,12.4822,20.2653,12.5522,-0.161529,4.82451,1.82786
L,20.353,12.8609,-0.273803,4.90156,20.498,12.8924,20.254,12.7933,-0.28939,4.81605,1.35477
R,20.3435,13.0943,-0.394256,4.87446,20.9151,12.2555,20.2363,13.0339,-0.417348,4.80428,2.05409
L,20.2902,13.3022,-0.589331,4.80031,20.1943,13.1688,20.2122,13.2738,-0.545298,4.78918,1.53712
R,20.2381,13.5354,-0.760402,4.7691,19.858,13.5236,20.1818,13.5129,-0.673135,4.77072,1.33067
L,20.2299,13.7958,-0.820146,4.79189,20.3245,13.8896,20.1449,13.7509,-0.800753,4.74892,1.02434
R,20.1739,14.0235,-0.989293,4.74252,20.3387,13.5307,20.1017,13.9878,-0.928043,4.72375,0.784797
L,20.1188,14.2777,-1.13067,4.74013,20.1216,14.337,20.0521,14.2233,-1.0549,4.69521,0.204663
R,20.0353,14.5037,-1.31636,4.68235,19.6717,14.4038,19.9962,14.4573,-1.18121,4.66331,1.51514
L,19.9112,14.7501,-1.58396,4.63674,19.781,14.773,19.9339,14.6897,-1.30687,4.62805,1.10833
R,19.8303,14.964,-1.69256,4.57305,20.1149,14.0165,19.8655,14.9202,-1.43177,4.58944,3.11247
L,19.8226,15.1882,-1.63885,4.55608,20.0208,15.2053,19.7908,15.1486,-1.55581,4.54751,2.46447
R,19.7168,15.4064,-1.87347,4.45565,20.0157,15.3443,19.7099,15.3749,-1.67887,4.50226,2.4483
L,19.7055,15.6048,-1.80857,4.40383,19.9131,15.554,19.6229,15.5989,-1.80085,4.45372,2.87092
R,19.6047,15.8083,-1.95156,4.3215,19.9388,15.0864,19.5298,15.8203,-1.92164,4.40193,1.4767
L,19.496,16.02,-2.09117,4.25641,19.4748,16.0098,19.4307,16.039,-2.04114,4.3469,0.0334441
R,19.3782,16.2223,-2.21918,4.18426,19.1556,16.0022,19.3257,16.255,-2.15925,4.28868,1.26864
L,19.259,16.3928,-2.34958,4.05549,19.238,16.2719,19.2148,16.4679,-2.27586,4.22731,0.871921
R,19.1417,16.59,-2.46136,3.98051,19.4007,16.2962,19.0981,16.6777,-2.39087,4.16284,0.270488
L,19.0118,16.7993,-2.58447,3.92585,19.0029,16.8387,18.9757,16.8841,-2.50418,4.0953,0.0961132
R,18.8784,17.0043,-2.74138,3.838,18.8373,17.7112,18.8477,17.0872,-2.61571,4.02476,3.81592
L,18.703,17.2398,-2.93012,3.80936,18.6148,17.3832,18.7142,17.2866,-2.72534,3.95127,1.69267
R,18.5787,17.436,-2.94366,3.78578,18.8177,17.0316,18.5752,17.4822,-2.83299,3.87489,1.72584
L,18.3401,17.6076,-3.23826,3.60989,18.1023,17.5529,18.4309,17.674,-2.93858,3.79568,3.62413
R,18.1911,17.7906,-3.27641,3.5628,18.2749,17.4877,18.2814,17.8617,-3.042,3.71372,1.25115
L,18.0746,17.9851,-3.27239,3.53785,18.2094,18.0461,18.1268,18.0453,-3.14318,3.62906,1.32138
R,17.9004,18.1408,-3.39663,3.39808,18.3021,17.498,17.9671,18.2246,-3.24204,3.5418,1.35273
L,17.7748,18.2858,-3.40088,3.29076,17.9017,18.2183,17.8026,18.3994,-3.3385,3.45199,1.24746
R,17.6518,18.4771,-3.37716,3.29305,18.8558,18.1364,17.6334,18.5697,-3.43247,3.35973,6.57436
L,17.4555,18.6554,-3.50661,3.2219,17.3845,18.7039,17.4595,18.7353,-3.5239,3.26509,0.444227
R,17.2739,18.7953,-3.6058,3.0856,17.7945,18.0801,17.2811,18.8962,-3.61271,3.16817,1.65765
L,17.114,18.9318,-3.6453,2.97452,17.1762,18.8863,17.0983,19.0521,-3.69883,3.06904,0.355385
R,16.9536,19.1099,-3.66592,2.96273,16.9398,19.7311,16.9113,19.203,-3.78221,2.9678,2.85927
L,16.7181,19.2044,-3.84034,2.73653,16.5734,19.052,16.7202,19.3488,-3.86278,2.86455,2.63534
R,16.5377,19.3679,-3.88602,2.69928,16.1674,20.2201,16.5251,19.4894,-3.9405,2.75937,3.28186
L,16.314,19.53,-4.00201,2.64044,16.2338,19.617,16.3262,19.6246,-4.01531,2.65237,0.837885
R,16.0805,19.599,-4.14135,2.3769,16.4366,18.2742,16.1237,19.7545,-4.08716,2.54365,9.58723
L,15.8852,19.7547,-4.18043,2.35222,15.9243,19.8703,15.9176,19.8789,-4.15602,2.43329,0.889805
R,15.6868,19.8685,-4.20081,2.27381,16.2328,19.2166,15.7082,19.9978,-4.22185,2.32141,1.99125
L,15.4646,20.0325,-4.271,2.27264,15.4332,20.1836,15.4956,20.111,-4.2846,2.2081,1.43171
R,15.2586,20.1832,-4.29991,2.26607,14.3677,21.3406,15.2799,20.2185,-4.34427,2.09347,5.56628
L,15.0822,20.3315,-4.27439,2.27081,15.2016,20.4385,15.0613,20.3203,-4.4008,1.97763,1.53267
R,14.846,20.4062,-4.37505,2.07169,14.7476,19.9571,14.84,20.4162,-4.4542,1.86068,2.3342
L,14.6362,20.5338,-4.40166,2.0338,14.6665,20.6088,14.6161,20.5063,-4.50443,1.74272,0.393249
R,14.4016,20.6253,-4.48364,1.88758,13.841,21.0031,14.3897,20.5904,-4.55149,1.62386,1.07296
L,14.1461,20.6844,-4.58048,1.69082,14.0521,20.5924,14.1611,20.6686,-4.59537,1.50421,1.03002
R,13.9115,20.7603,-4.63803,1.54359,13.8232,20.859,13.9304,20.7408,-4.63606,1.38386,0.174054
L,13.6275,20.8065,-4.75933,1.32919,13.4687,20.7253,13.6977,20.807,-4.67357,1.26294,1.87819
R,13.383,20.8427,-4.81412,1.10272,13.8263,20.4261,13.4632,20.8671,-4.70789,1.14153,1.22196
L,13.1339,20.8771,-4.85408,0.918239,13.1072,20.8294,13.2271,20.9211,-4.73904,1.01975,0.178502
R,12.9064,20.9444,-4.85777,0.844415,13.2669,21.1579,12.9895,20.969,-4.76702,0.897694,1.72116
L,12.7134,21.0013,-4.80429,0.773147,12.8729,21.0592,12.7506,21.0108,-4.79186,0.775469,1.68149
R,12.4619,21.0459,-4.84605,0.647457,11.5171,21.6724,12.5106,21.0465,-4.81358,0.653175,2.51929
L,12.2158,21.0847,-4.86955,0.534884,12.2062,21.11,12.2695,21.0761,-4.83219,0.530912,0.0451593
R,11.9796,21.1115,-4.87659,0.397464,12.3859,21.1066,12.0276,21.0996,-4.84773,0.408778,0.786987
L,11.7276,21.0565,-4.88053,0.088314,11.6814,20.8651,11.785,21.117,-4.86022,0.286869,2.34787
R,11.4782,21.0347,-4.88242,-0.115093,11.5265,20.6748,11.5418,21.1283,-4.86971,0.165281,1.11258
L,11.2646,21.0343,-4.83427,-0.232062,11.363,21.0689,11.2982,21.1335,-4.87623,0.0441057,0.628341
R,11.0063,20.9799,-4.83518,-0.478304,10.5558,20.5567,11.0544,21.1327,-4.87982,-0.076565,4.13537
L,10.7965,20.9417,-4.76592,-0.645909,10.8903,20.927,10.8105,21.1259,-4.88053,-0.196643,0.537211
R,10.5448,20.9289,-4.76821,-0.709777,9.30535,21.3896,10.5666,21.1131,-4.8784,-0.316041,4.37284
L,10.2677,20.9827,-4.84281,-0.636464,10.189,21.209,10.3229,21.0943,-4.87349,-0.434674,3.62289
R,10.0298,20.9705,-4.8264,-0.707228,9.97958,21.2932,10.0795,21.0697,-4.86585,-0.552463,0.950331
L,9.83868,20.9378,-4.73192,-0.813557,9.99634,20.9797,9.83658,21.0391,-4.85554,-0.669327,1.53911
R,9.60258,20.9203,-4.71483,-0.84239,9.38223,21.111,9.59422,21.0028,-4.84262,-0.785189,0.751636
L,9.41044,20.869,-4.62379,-0.969452,9.53921,20.8762,9.35258,20.9607,-4.82714,-0.899977,0.981385
R,9.19027,20.8355,-4.58995,-1.0436,9.63392,20.9724,9.11177,20.9128,-4.80919,-1.01362,1.37383
L,8.89512,20.8028,-4.67701,-1.10533,8.70331,20.8221,8.87192,20.8594,-4.78881,-1.12605,2.2392
R,8.6797,20.7181,-4.61088,-1.2829,9.84634,20.009,8.63315,20.8003,-4.76608,-1.2372,4.49207
L,8.39981,20.6152,-4.64035,-1.48346,8.22277,20.4839,8.39557,20.7357,-4.74108,-1.34701,2.76817
R,8.17128,20.5369,-4.59727,-1.60508,8.29647,20.4978,8.1593,20.6657,-4.71387,-1.45542,0.0420642
L,7.92839,20.4555,-4.57943,-1.7173,7.88599,20.45,7.92445,20.5903,-4.68453,-1.56237,0.108127
R,7.71348,20.387,-4.52599,-1.80084,8.29081,20.6565,7.69111,20.5096,-4.65313,-1.66782,3.05637
L,7.40326,20.3365,-4.64421,-1.80692,7.18029,20.392,7.45939,20.4236,-4.61975,-1.7717,3.29713
R,7.17057,20.2349,-4.59995,-1.93241,7.09214,20.1196,7.22939,20.3326,-4.58448,-1.87399,0.219275
L,6.90593,20.1561,-4.6265,-1.98479,6.81542,20.1859,7.00119,20.2364,-4.54738,-1.97462,0.575801
R,6.68012,20.0658,-4.58161,-2.05631,6.89359,20.1536,6.7749,20.1352,-4.50854,-2.07357,0.354217
L,6.43269,19.9785,-4.58005,-2.10953,6.38914,20.0136,6.55059,20.0292,-4.46805,-2.17079,0.205135
R,6.21469,19.8966,-4.53299,-2.15187,6.67637,20.2142,6.32834,19.9183,-4.42598,-2.26625,2.62963
L,5.95233,19.8057,-4.56281,-2.19193,5.86119,19.8306,6.10823,19.8027,-4.38241,-2.35993,0.568095
R,5.72008,19.6618,-4.50658,-2.38339,5.28178,19.5036,5.89034,19.6824,-4.33744,-2.45178,1.68791
L,5.54777,19.5391,-4.36482,-2.48975,5.69089,19.5755,5.67472,19.5577,-4.29114,-2.5418,1.29386
R,5.34635,19.3843,-4.26208,-2.66084,5.9506,18.9859,5.46145,19.4284,-4.24359,-2.62995,1.98082
L,5.13412,19.2971,-4.23433,-2.6507,5.17021,19.4397,5.25059,19.2949,-4.19488,-2.71622,1.26372
R,4.94251,19.1858,-4.15973,-2.68367,5.87397,19.301,5.04219,19.157,-4.1451,-2.80059,3.73711
L,4.78391,19.0233,-3.99828,-2.8367,4.89149,18.982,4.8363,19.015,-4.09432,-2.88305,0.866604
R,4.57343,18.8797,-3.95395,-2.93851,3.98679,19.0452,4.63297,18.8689,-4.04263,-2.96359,1.25662
L,4.39777,18.7519,-3.8641,-2.98625,4.4685,18.834,4.43224,18.7188,-3.99012,-3.0422,0.661129
R,4.21725,18.6008,-3.77807,-3.06269,4.69245,18.4634,4.23416,18.5648,-3.93685,-3.11888,0.856818
L,4.09594,18.4412,-3.58073,-3.16813,4.26269,18.481,4.03876,18.4071,-3.88293,-3.19362,1.78362
R,3.9082,18.2953,-3.52851,-3.26018,3.42433,18.8357,3.84606,18.2457,-3.82841,-3.26644,4.32289
L,3.65047,18.1557,-3.63111,-3.27273,3.45919,18.167,3.65611,18.0807,-3.77339,-3.33732,2.35506
R,3.49082,17.9964,-3.52712,-3.33117,4.3011,17.9267,3.46891,17.9122,-3.71795,-3.40627,2.42614
L,3.26364,17.8204,-3.55464,-3.40788,3.12525,17.7493,3.28449,17.7402,-3.66215,-3.47331,1.42639
R,3.07879,17.6505,-3.49687,-3.49889,2.65664,17.888,3.10287,17.565,-3.60609,-3.53844,1.46203
L,2.89759,17.5546,-3.49611,-3.40367,2.9449,17.8154,2.92405,17.3866,-3.54982,-3.60167,4.03532
R,2.75201,17.3447,-3.33647,-3.59395,3.26647,17.0897,2.74805,17.2051,-3.49344,-3.66302,2.49957
L,2.58168,17.1468,-3.25807,-3.69667,2.55407,17.0853,2.57486,17.0205,-3.437,-3.72251,0.254955
R,2.42188,16.9664,-3.18566,-3.73553,2.55039,16.8884,2.4045,16.833,-3.38059,-3.78015,0.403723
L,2.25814,16.7921,-3.13048,-3.77312,2.25371,16.8334,2.23695,16.6427,-3.32428,-3.83595,0.103392
R,2.089,16.5761,-3.06954,-3.86918,1.57735,16.0489,2.07221,16.4497,-3.26812,-3.88995,4.94908
L,1.93824,16.3199,-2.94114,-4.05058,1.88972,16.1054,1.91027,16.2539,-3.21219,-3.94216,2.7365
R,1.78546,16.1368,-2.89335,-4.05154,1.74363,16.2687,1.75112,16.0557,-3.15656,-3.99261,0.576991
L,1.57102,15.9793,-3.00271,-3.99936,1.44745,16.0853,1.59474,15.8549,-3.10129,-4.04132,1.79124
R,1.43884,15.753,-2.8697,-4.12597,1.6097,15.5526,1.44111,15.6517,-3.04644,-4.08832,0.913768
L,1.26676,15.5253,-2.8455,-4.20924,1.18395,15.4284,1.29021,15.4463,-2.99207,-4.13364,0.924031
R,1.10916,15.3333,-2.82332,-4.21148,0.828993,15.528,1.14201,15.2386,-2.93825,-4.1773,0.858644
L,0.894218,15.1093,-2.91581,-4.25596,0.722706,15.0075,0.996486,15.0288,-2.88503,-4.21933,2.40367
R,0.751119,14.9247,-2.8739,-4.22702,1.03147,15.2134,0.853604,14.8169,-2.83246,-4.25977,1.79285
L,0.652238,14.7044,-2.70641,-4.29997,0.737301,14.7047,0.71333,14.603,-2.78061,-4.29864,0.484084
R,0.536626,14.4652,-2.57313,-4.40512,0.722177,14.2445,0.575628,14.3872,-2.72952,-4.33598,0.94224
L,0.359743,14.2428,-2.61386,-4.43685,0.253435,14.2028,0.440459,14.1696,-2.67925,-4.37181,0.813697
R,0.22762,14.0043,-2.52665,-4.53376,-0.0328025,13.9604,0.307779,13.9502,-2.62984,-4.40617,1.1064
L,0.227415,13.7406,-2.12584,-4.66587,0.459172,13.6856,0.177545,13.7292,-2.58135,-4.43909,3.88832
R,0.121395,13.5079,-2.02707,-4.72103,0.0524417,13.6377,0.0497099,13.5065,-2.53381,-4.47061,0.419144
L,-0.0506449,13.2834,-2.11488,-4.72981,-0.190344,13.2856,-0.0757753,13.2823,-2.48728,-4.50075,1.32421
R,-0.166801,13.0601,-2.07226,-4.72957,-0.275042,13.1456,-0.198962,13.0566,-2.44179,-4.52955,0.358998
L,-0.164126,12.8333,-1.73515,-4.76517,0.0462308,12.9301,-0.319903,12.8295,-2.39739,-4.55704,3.39867
R,-0.279314,12.5952,-1.72126,-4.7766,-0.684792,12.3563,-0.438654,12.6011,-2.35412,-4.58326,2.33771
L,-0.402529,12.3617,-1.72997,-4.79435,-0.476482,12.3633,-0.555273,12.3714,-2.31202,-4.60823,0.373831
R,-0.529207,12.1556,-1.77442,-4.74741,-0.972122,12.5207,-0.669817,12.1404,-2.27111,-4.63198,3.45482
L,-0.608331,11.942,-1.69014,-4.73758,-0.582624,12.0386,-0.78235,11.9083,-2.23144,-4.65456,0.555276
R,-0.736702,11.7116,-1.7379,-4.73461,-1.26757,11.6495,-0.892931,11.6751,-2.19304,-4.67598,2.58104
L,-0.940571,11.4698,-1.97172,-4.72928,-1.17212,11.3988,-1.00163,11.4409,-2.15594,-4.69628,3.84543
R,-1.03321,11.2277,-1.92286,-4.73824,-0.891441,10.959,-1.1085,11.2057,-2.12017,-4.71549,1.53785
L,-1.21997,11.0092,-2.11701,-4.68953,-1.39289,11.0424,-1.21362,10.9695,-2.08575,-4.73364,2.11167
R,-1.31443,10.7727,-2.04554,-4.7298,-1.29894,10.9012,-1.31706,10.7324,-2.05273,-4.75075,0.508838
L,-1.43966,10.5145,-2.06292,-4.77272,-1.49687,10.4198,-1.41889,10.4945,-2.02111,-4.76686,0.69684
R,-1.53559,10.254,-1.99271,-4.84254,-1.59293,10.0212,-1.51917,10.2559,-1.99093,-4.78198,0.946287
L,-1.63487,10.0583,-1.97397,-4.78048,-1.61875,10.2374,-1.61797,10.0165,-1.96222,-4.79615,1.80457
R,-1.7217,9.82733,-1.91488,-4.78364,-1.59701,9.96554,-1.71539,9.77637,-1.93497,-4.80939,0.410794
L,-1.79248,9.61225,-1.82703,-4.76487,-1.73381,9.71347,-1.81147,9.53564,-1.90924,-4.82172,0.77847
R,-1.9135,9.36908,-1.85294,-4.79574,-2.27191,9.37316,-1.90631,9.29431,-1.88502,-4.83316,1.95927
L,-1.97598,9.05382,-1.71008,-4.94141,-1.93833,8.77028,-1.99998,9.05243,-1.86233,-4.84374,4.6376
R,-2.0568,8.82998,-1.6726,-4.90977,-1.96565,9.13274,-2.09256,8.81003,-1.8412,-4.85347,1.36007
L,-2.15035,8.57638,-1.65397,-4.93589,-2.1768,8.5411,-2.18412,8.56717,-1.82164,-4.86238,0.112413
R,-2.28319,8.32421,-1.74461,-4.94675,-2.65863,8.19477,-2.27474,8.32388,-1.80365,-4.87047,2.65722
L,-2.32349,8.09008,-1.59377,-4.94773,-2.21875,8.15339,-2.3645,8.0802,-1.78727,-4.87778,0.916315
R,-2.38707,7.88379,-1.53122,-4.89307,-2.273,8.52315,-2.45348,7.83617,-1.77248,-4.8843,5.3779
L,-2.50324,7.63392,-1.59431,-4.90702,-2.59674,7.60288,-2.54177,7.59183,-1.75931,-4.89006,0.60797
R,-2.66016,7.39761,-1.78645,-4.8633,-3.08256,7.38874,-2.62944,7.34723,-1.74777,-4.89507,4.03718
L,-2.76249,7.13691,-1.79974,-4.8948,-2.79865,7.064,-2.71658,7.10238,-1.73786,-4.89933,0.373912
R,-2.83278,6.9078,-1.72689,-4.89029,-2.79412,7.20818,-2.80326,6.85734,-1.72958,-4.90286,1.37588
L,-2.87165,6.70309,-1.59607,-4.84307,-2.74651,6.86867,-2.88957,6.61214,-1.72295,-4.90566,2.46624
R,-2.91334,6.4689,-1.49774,-4.82565,-2.57673,6.36755,-2.97559,6.36681,-1.71797,-4.90774,2.92709
L,-2.96344,6.22703,-1.40794,-4.83832,-2.90217,6.22989,-3.0614,6.12139,-1.71464,-4.90911,0.232513
R,-3.09627,5.98716,-1.54073,-4.83514,-3.50172,6.10796,-3.14709,5.87592,-1.71297,-4.90976,3.57216
L,-3.17094,5.70183,-1.50406,-4.91359,-3.17781,5.53101,-3.23274,5.63044,-1.71295,-4.9097,1.6311
R,-3.26606,5.44675,-1.55889,-4.91265,-3.19736,5.19093,-3.31843,5.38497,-1.71458,-4.90893,1.45936
L,-3.36514,5.18316,-1.5955,-4.94361,-3.43031,5.10507,-3.40424,5.13955,-1.71787,-4.90745,0.58572
R,-3.4399,4.9368,-1.56703,-4.94992,-3.4281,4.94644,-3.49026,4.89422,-1.72281,-4.90525,0.0132474
L,-3.56035,4.65884,-1.65834,-4.9973,-3.69435,4.52196,-3.57657,4.64902,-1.72939,-4.90233,2.07117
R,-3.65368,4.39991,-1.70504,-4.99494,-3.50501,4.17643,-3.66325,4.40398,-1.73762,-4.89868,1.30197
L,-3.80263,4.13557,-1.86735,-5.00502,-4.00238,4.04684,-3.75039,4.15913,-1.74749,-4.8943,2.74942
R,-3.89657,3.89887,-1.86106,-4.98963,-4.06447,4.10977,-3.83806,3.91452,-1.75899,-4.88918,0.980465
L,-3.96588,3.66732,-1.80761,-4.96321,-3.88053,3.75177,-3.92635,3.67019,-1.77212,-4.8833,0.796589
R,-4.0648,3.46833,-1.85602,-4.8665,-4.23729,3.88878,-4.01533,3.42616,-1.78686,-4.87666,3.84157
L,-4.15595,3.22406,-1.85941,-4.86619,-4.15119,3.21968,-4.10509,3.18248,-1.8032,-4.86925,0.00248693
R,-4.26569,2.96942,-1.9224,-4.87228,-4.27467,2.88187,-4.19571,2.93919,-1.82113,-4.86104,0.440134
L,-4.34694,2.69021,-1.89092,-4.93488,-4.32451,2.55034,-4.28727,2.69633,-1.84065,-4.85202,1.1309
R,-4.43559,2.43909,-1.87867,-4.94359,-4.38481,2.39989,-4.37985,2.45393,-1.86173,-4.84218,0.0632927
L,-4.54516,2.176,-1.91937,-4.96841,-4.61223,2.09192,-4.47352,2.21205,-1.88436,-4.83149,0.621621
R,-4.63374,1.94513,-1.95409,-4.91809,-4.29257,1.92854,-4.56836,1.97072,-1.90853,-4.81994,2.55264
L,-4.75735,1.67371,-2.02321,-4.9564,-4.86829,1.53442,-4.66444,1.72998,-1.93422,-4.80751,1.69685
R,-4.87906,1.42699,-2.11118,-4.93522,-4.98165,1.43611,-4.76186,1.48989,-1.9614,-4.79417,0.352155
L,-4.91333,1.18743,-1.96545,-4.92758,-4.66779,1.28643,-4.86067,1.25049,-1.99007,-4.7799,3.92661
R,-5.01377,0.970795,-1.99549,-4.8644,-4.98594,1.10894,-4.96094,1.01182,-2.02019,-4.76468,1.02252
L,-5.055,0.735588,-1.87821,-4.85282,-4.85498,0.825662,-5.06277,0.77393,-2.05174,-4.74848,2.69133
R,-5.1341,0.437544,-1.85699,-4.95371,-4.84736,0.18101,-5.16621,0.536876,-2.08471,-4.73127,4.47409
L,-5.20403,0.19854,-1.81337,-4.93839,-5.1231,0.257311,-5.27133,0.300706,-2.11906,-4.71303,0.548714
R,-5.33952,-0.0372565,-1.91488,-4.91045,-5.99809,-0.290765,-5.3782,0.0654719,-2.15477,-4.69374,6.10893
L,-5.40432,-0.273431,-1.85617,-4.89555,-5.29972,-0.212982,-5.4869,-0.168772,-2.19181,-4.67335,0.816617
R,-5.53387,-0.450191,-1.98877,-4.75024,-5.64447,-0.144522,-5.59748,-0.401971,-2.23014,-4.65185,4.4264
L,-5.6984,-0.629106,-2.17343,-4.60863,-5.85359,-0.445801,-5.71001,-0.634069,-2.26974,-4.62919,3.48426
R,-5.79256,-0.851286,-2.20637,-4.57921,-5.30947,-0.724468,-5.82456,-0.865006,-2.31058,-4.60536,3.53911
L,-5.8899,-1.1191,-2.1914,-4.64689,-5.87835,-1.26863,-5.94118,-1.09472,-2.35262,-4.58032,1.26956
R,-5.96802,-1.38731,-2.13461,-4.71696,-5.68069,-1.52871,-6.05993,-1.32316,-2.39581,-4.55404,2.33687
L,-6.12982,-1.59155,-2.29727,-4.62413,-6.27264,-1.50938,-6.18087,-1.55025,-2.44014,-4.52648,1.66739
R,-6.25797,-1.82034,-2.40413,-4.59427,-6.11355,-1.75966,-6.30406,-1.77593,-2.48555,-4.49762,1.37075
L,-6.36526,-2.06933,-2.40045,-4.62123,-6.34007,-2.13685,-6.42954,-2.00014,-2.532,-4.46742,0.306427
R,-6.53414,-2.2699,-2.56102,-4.51815,-6.99344,-2.17445,-6.55738,-2.22281,-2.57946,-4.43585,3.42658
L,-6.6989,-2.4783,-2.69373,-4.43929,-6.79288,-2.4458,-6.68761,-2.44386,-2.62788,-4.40288,0.613351
R,-6.86335,-2.68735,-2.81712,-4.36705,-7.14408,-2.67584,-6.82029,-2.66323,-2.6772,-4.36847,1.10354
L,-6.942,-2.95932,-2.69727,-4.48288,-6.8003,-3.10086,-6.95546,-2.88084,-2.7274,-4.3326,2.52594
R,-7.0772,-3.18374,-2.72705,-4.46114,-7.13937,-3.22028,-7.09316,-3.09663,-2.7784,-4.29523,0.113474
L,-7.19733,-3.37764,-2.74397,-4.38881,-7.12118,-3.26434,-7.23344,-3.31051,-2.83017,-4.25632,1.02748
R,-7.35427,-3.62755,-2.80711,-4.41751,-7.77186,-4.08999,-7.37632,-3.5224,-2.88265,-4.21586,4.78898
L,-7.51452,-3.76167,-2.93472,-4.2063,-7.49009,-3.49081,-7.52184,-3.73223,-2.93579,-4.1738,4.29864
R,-7.65595,-3.96739,-2.97483,-4.17017,-7.52393,-3.88213,-7.67004,-3.93992,-2.98953,-4.13012,0.311262
L,-7.81797,-4.20066,-3.0362,-4.18159,-7.88049,-4.29783,-7.82094,-4.14539,-3.04381,-4.08479,0.740066
R,-7.97379,-4.41916,-3.08098,-4.16742,-8.08524,-4.57834,-7.97457,-4.34854,-3.09857,-4.03778,0.462218
L,-8.14323,-4.66384,-3.13825,-4.20174,-8.22492,-4.79812,-8.13095,-4.5493,-3.15376,-3.98906,1.37508
R,-8.2981,-4.87272,-3.14809,-4.16774,-8.453,-4.95621,-8.29011,-4.74759,-3.2093,-3.93861,1.05885
L,-8.42167,-5.09513,-3.10239,-4.18955,-8.33552,-5.1059,-8.45204,-4.94331,-3.26514,-3.88641,0.474264
R,-8.57738,-5.2634,-3.13855,-4.07786,-8.55062,-4.79248,-8.61678,-5.13637,-3.32121,-3.83242,3.19915
L,-8.78017,-5.46681,-3.27463,-4.02169,-8.91477,-5.51752,-8.78433,-5.32669,-3.37745,-3.77663,1.19207
R,-8.94607,-5.66516,-3.30855,-3.98187,-9.04115,-5.69364,-8.95469,-5.51417,-3.43377,-3.71901,0.249908
L,-9.09529,-5.85257,-3.31694,-3.93804,-9.03391,-5.80267,-9.12788,-5.69872,-3.49012,-3.65955,0.347164
R,-9.23506,-6.00906,-3.29791,-3.83722,-8.86897,-5.41973,-9.30388,-5.88026,-3.54643,-3.59823,6.06153
L,-9.40439,-6.10343,-3.38591,-3.60503,-9.30811,-5.82368,-9.4827,-6.05868,-3.60261,-3.53503,5.07082
R,-9.58699,-6.28624,-3.45038,-3.56154,-9.80646,-6.41174,-9.66432,-6.23389,-3.6586,-3.46994,0.767594
L,-9.7162,-6.50041,-3.38537,-3.62571,-9.62547,-6.55958,-9.84874,-6.4058,-3.71431,-3.40294,0.797554
R,-9.94599,-6.65447,-3.56984,-3.49746,-10.6688,-6.35543,-10.0359,-6.57431,-3.76968,-3.33404,5.88605
L,-10.1514,-6.82164,-3.67115,-3.41926,-10.2246,-6.83402,-10.2259,-6.73933,-3.82463,-3.26321,0.326662
R,-10.3326,-6.97658,-3.72071,-3.3421,-10.2205,-6.71044,-10.4186,-6.90075,-3.87907,-3.19046,0.902323
L,-10.5719,-7.1655,-3.86523,-3.30044,-10.7616,-7.29159,-10.614,-7.05849,-3.93293,-3.11577,2.8808
R,-10.7782,-7.29977,-3.95124,-3.17006,-10.8944,-6.83335,-10.8121,-7.21245,-3.98613,-3.03916,1.75413
L,-11.0322,-7.46932,-4.10785,-3.09052,-11.2219,-7.56979,-11.0128,-7.36252,-4.03859,-2.96062,2.57599
R,-11.2214,-7.60664,-4.12337,-2.99714,-10.986,-7.3707,-11.2161,-7.50861,-4.09021,-2.88015,1.41228
L,-11.3467,-7.76003,-4.00981,-3.00273,-11.0934,-7.6776,-11.422,-7.65064,-4.14093,-2.79777,4.04945
R,-11.5408,-7.88304,-4.04698,-2.88964,-11.4213,-7.46085,-11.6304,-7.78849,-4.19067,-2.71348,1.83637
L,-11.7049,-7.981,-4.03243,-2.7549,-11.5269,-7.8215,-11.8413,-7.92208,-4.23932,-2.6273,3.16237
R,-11.9041,-8.09931,-4.0634,-2.64603,-11.9422,-7.88317,-12.0546,-8.05131,-4.28682,-2.53924,0.68876
L,-12.1153,-8.18679,-4.13272,-2.47805,-12.09,-8.08828,-12.2702,-8.17609,-4.33308,-2.44932,0.638896
R,-12.3356,-8.30109,-4.21706,-2.38929,-12.4462,-8.02117,-12.4881,-8.29633,-4.37802,-2.35756,1.10099
L,-12.529,-8.37832,-4.23691,-2.23364,-12.4231,-8.2599,-12.7082,-8.41193,-4.42155,-2.26399,1.41672
R,-12.738,-8.46839,-4.26884,-2.10368,-12.7461,-8.19449,-12.9304,-8.5228,-4.4636,-2.16863,0.711143
L,-13.0297,-8.5677,-4.44761,-1.954,-13.2911,-8.64594,-13.1547,-8.62886,-4.50407,-2.07151,4.19992
R,-13.2817,-8.66084,-4.54631,-1.8396,-13.7929,-8.47158,-13.381,-8.73002,-4.54289,-1.97267,2.29693
L,-13.4929,-8.70253,-4.56317,-1.63733,-13.384,-8.57583,-13.6092,-8.82619,-4.57997,-1.87214,1.58803
R,-13.7118,-8.74739,-4.57536,-1.44371,-13.6376,-8.26343,-13.8392,-8.91729,-4.61524,-1.76997,2.22885
L,-13.9405,-8.87159,-4.60288,-1.46891,-13.9959,-8.99264,-14.0709,-9.00324,-4.64861,-1.6662,1.08278
R,-14.1895,-8.94855,-4.67839,-1.38557,-14.4737,-8.79552,-14.3043,-9.08395,-4.68001,-1.56086,1.23594
L,-14.4118,-9.07373,-4.67854,-1.43796,-14.4273,-9.1875,-14.5391,-9.15936,-4.70936,-1.45402,0.874696
R,-14.6426,-9.14873,-4.69635,-1.35776,-14.5757,-9.32634,-14.7754,-9.22939,-4.73658,-1.34573,0.180268
L,-14.932,-9.1419,-4.81995,-1.04917,-15.062,-9.04396,-15.013,-9.29397,-4.76161,-1.23603,1.80668
R,-15.1973,-9.22091,-4.88103,-1.00299,-15.6189,-9.69365,-15.2517,-9.35302,-4.78436,-1.125,4.44793
L,-15.4723,-9.35836,-4.9414,-1.1161,-15.6682,-9.56749,-15.4916,-9.40649,-4.80476,-1.01269,4.75747
R,-15.723,-9.40095,-4.95525,-0.974,-15.9381,-9.35751,-15.7324,-9.45431,-4.82275,-0.899159,0.979244
L,-15.9866,-9.49356,-4.99302,-0.991067,-16.0862,-9.59819,-15.9741,-9.49642,-4.83827,-0.784484,1.2153
R,-16.2424,-9.50744,-5.01336,-0.794247,-16.6033,-8.85459,-16.2164,-9.53277,-4.85124,-0.668734,2.18481
L,-16.4883,-9.48578,-5.02218,-0.542088,-16.4229,-9.37029,-16.4594,-9.5633,-4.8616,-0.55198,1.09733
R,-16.702,-9.48208,-4.96476,-0.364177,-16.011,-9.33486,-16.7027,-9.58797,-4.8693,-0.4343,5.7285
L,-16.9892,-9.46378,-5.02833,-0.145251,-17.1132,-9.43043,-16.9464,-9.60673,-4.87427,-0.315773,0.999246
R,-17.2449,-9.52525,-5.04851,-0.178237,-16.9255,-10.8571,-17.1903,-9.61954,-4.87646,-0.196479,7.00289
L,-17.5048,-9.54463,-5.06494,-0.0987931,-17.5448,-9.57485,-17.4342,-9.62636,-4.87583,-0.0765024,0.143878
R,-17.769,-9.54065,-5.0739,0.04314,-18.1371,-9.39146,-17.6781,-9.62717,-4.87232,0.0440703,1.20114
L,-18.0166,-9.49685,-5.0567,0.256319,-17.9724,-9.42299,-17.9216,-9.62194,-4.86588,0.165151,0.467004
R,-18.2632,-9.46145,-5.02635,0.438817,-18.3083,-9.18778,-18.1648,-9.61064,-4.85648,0.286648,0.502768
L,-18.4572,-9.50867,-4.94418,0.361537,-18.2763,-9.60997,-18.4074,-9.59325,-4.84408,0.40847,2.69099
R,-18.6866,-9.48499,-4.91299,0.469073,-18.2443,-9.58547,-18.6493,-9.56977,-4.82864,0.530522,1.67583
L,-18.9343,-9.47846,-4.90979,0.527867,-18.9545,-9.51544,-18.8904,-9.54017,-4.81012,0.652707,0.113914
R,-19.1539,-9.42574,-4.85849,0.684026,-18.6983,-9.02886,-19.1305,-9.50446,-4.78851,0.774927,4.11097
L,-19.3842,-9.28727,-4.79039,1.04748,-19.2983,-9.09865,-19.3694,-9.46265,-4.76378,0.897083,2.80507
R,-19.6183,-9.21388,-4.74205,1.22194,-19.7037,-8.79906,-19.6069,-9.41472,-4.73591,1.01907,0.582114
L,-19.862,-9.08319,-4.68635,1.51599,-19.8731,-8.96417,-19.8431,-9.36071,-4.70487,1.1408,0.990687
R,-20.0937,-8.97207,-4.62726,1.72271,-20.3815,-7.67549,-20.0775,-9.30061,-4.67066,1.26215,4.72677
L,-20.2804,-9.13557,-4.62048,1.23176,-20.1607,-9.59663,-20.3102,-9.23446,-4.63328,1.38303,15.4958
R,-20.5207,-9.09641,-4.62115,1.26382,-20.4587,-9.7448,-20.5409,-9.16227,-4.59271,1.50334,1.44394
L,-20.7332,-8.99147,-4.55374,1.45644,-20.6596,-8.91527,-20.7695,-9.08408,-4.54896,1.62296,0.689083
R,-20.9813,-8.91795,-4.55355,1.55344,-21.5568,-8.5005,-20.9959,-8.99994,-4.50202,1.74179,2.42509
L,-21.1688,-8.84387,-4.45915,1.64012,-21.0195,-8.85082,-21.2198,-8.90987,-4.45191,1.85973,1.25139
R,-21.4095,-8.76569,-4.45035,1.72666,-21.8628,-8.64129,-21.4412,-8.81393,-4.39865,1.97666,1.8348
L,-21.6033,-8.74506,-4.39496,1.66197,-21.5029,-8.87191,-21.6597,-8.71217,-4.34223,2.0925,1.66845
R,-21.7984,-8.61068,-4.27633,1.89451,-21.9514,-7.41274,-21.8754,-8.60465,-4.2827,2.20712,4.71317
L,-22.004,-8.53336,-4.23081,1.9453,-21.9793,-8.57089,-22.088,-8.49143,-4.22007,2.32043,0.129783
R,-22.2053,-8.41635,-4.17029,2.0748,-22.1914,-7.70392,-22.2975,-8.37258,-4.15437,2.43232,1.71962
L,-22.4479,-8.32519,-4.18894,2.12956,-22.5838,-8.35296,-22.5035,-8.24817,-4.08564,2.5427,1.08921
R,-22.6392,-8.21146,-4.10113,2.24357,-22.3177,-8.57758,-22.7061,-8.11829,-4.01391,2.65145,0.878791
L,-22.8702,-7.95454,-4.00512,2.66382,-22.9861,-7.6724,-22.9049,-7.98301,-3.93923,2.75848,6.06555
R,-23.0753,-7.82274,-3.92235,2.78156,-23.2693,-8.32031,-23.1,-7.84243,-3.86163,2.8637,2.22537
L,-23.3119,-7.64525,-3.89364,2.96416,-23.4777,-7.56583,-23.2911,-7.69663,-3.78118,2.96699,1.94467
R,-23.5027,-7.49065,-3.8214,3.06594,-23.473,-7.02103,-23.4781,-7.54572,-3.69792,3.06828,0.860949
L,-23.6593,-7.34095,-3.68388,3.15943,-23.5408,-7.36069,-23.6609,-7.3898,-3.61191,3.16746,0.815031
R,-23.8479,-7.17639,-3.61366,3.26156,-24.0505,-6.56969,-23.8393,-7.22897,-3.52321,3.26445,0.79498
L,-24.0117,-7.08961,-3.55298,3.19337,-23.9384,-7.26171,-24.0132,-7.06336,-3.43189,3.35916,2.20235
R,-24.1794,-6.90719,-3.43397,3.33374,-24.3577,-5.94086,-24.1825,-6.89307,-3.33801,3.45149,1.84412
L,-24.3219,-6.64105,-3.22036,3.62854,-24.2574,-6.4352,-24.347,-6.71823,-3.24166,3.54138,3.03599
R,-24.5041,-6.47633,-3.16404,3.68658,-24.788,-7.18367,-24.5066,-6.53895,-3.14289,3.62873,3.21634
L,-24.5823,-6.32706,-2.93477,3.71233,-24.3008,-6.43799,-24.6612,-6.35538,-3.0418,3.71347,5.21696
R,-24.7196,-6.13613,-2.81321,3.80236,-24.6108,-6.00878,-24.8107,-6.16764,-2.93846,3.79553,0.249076
L,-24.9222,-5.94359,-2.8288,3.87664,-25.146,-5.91902,-24.955,-5.97587,-2.83296,3.87484,2.89978
R,-25.0441,-5.73291,-2.6793,3.9835,-24.8975,-5.02285,-25.094,-5.7802,-2.72538,3.95132,1.79264
L,-25.1821,-5.56545,-2.60212,3.99501,-25.1941,-5.64372,-25.2276,-5.58079,-2.61581,4.02492,0.398467
R,-25.3344,-5.3771,-2.57193,4.02687,-25.5328,-5.4399,-25.3556,-5.37777,-2.50435,4.09557,0.766333
L,-25.4843,-5.15625,-2.50445,4.12199,-25.5712,-5.10241,-25.4779,-5.1713,-2.39109,4.16322,0.602239
R,-25.604,-4.97177,-2.43203,4.13148,-25.0178,-6.55904,-25.5946,-4.96152,-2.27613,4.22781,5.57074
L,-25.7196,-4.80232,-2.34513,4.1214,-25.6952,-4.89995,-25.7055,-4.7486,-2.15956,4.2893,0.619745
R,-25.8364,-4.59479,-2.26052,4.17246,-25.8162,-4.40681,-25.8105,-4.53268,-2.04149,4.34764,0.145224
L,-25.945,-4.35158,-2.13691,4.28529,-25.9516,-4.26659,-25.9096,-4.31392,-1.92202,4.40279,0.449262
R,-26.0887,-4.14686,-2.08546,4.3261,-26.8953,-4.43966,-26.0027,-4.0925,-1.80125,4.45471,9.03023
L,-26.1671,-3.85696,-1.88392,4.50577,-26.1198,-3.67723,-26.0897,-3.86856,-1.67928,4.50337,2.16396
R,-26.2608,-3.62983,-1.72928,4.5686,-26.5652,-3.85723,-26.1706,-3.64227,-1.55623,4.54875,2.01392
L,-26.2557,-3.34991,-1.37043,4.69962,-25.9974,-3.24722,-26.2453,-3.4138,-1.4322,4.59081,4.67901
R,-26.3098,-3.10898,-1.18096,4.75155,-26.2976,-3.01078,-26.3138,-3.18332,-1.30729,4.62954,0.140325
L,-26.3179,-2.86899,-0.921812,4.78338,-26.1741,-2.87885,-26.376,-2.95098,-1.18162,4.66493,1.22311
R,-26.3795,-2.64308,-0.829936,4.79003,-26.4681,-3.44967,-26.4319,-2.71697,-1.05529,4.69695,1.45121
L,-26.4873,-2.49664,-0.887614,4.67375,-26.674,-2.73852,-26.4815,-2.48143,-0.928411,4.72562,5.73641
R,-26.5397,-2.25928,-0.787627,4.70171,-26.657,-1.72382,-26.5247,-2.24456,-0.80109,4.75091,0.584943
L,-26.6013,-2.06464,-0.730505,4.65976,-26.6691,-2.17333,-26.5616,-2.0065,-0.673434,4.77284,1.00304
R,-26.6172,-1.82445,-0.573397,4.68572,-26.3248,-1.32261,-26.5921,-1.76744,-0.545553,4.79141,1.65675
L,-26.5976,-1.57273,-0.333583,4.72043,-26.4671,-1.53207,-26.6161,-1.52753,-0.417552,4.80664,1.12285
R,-26.5993,-1.34414,-0.157202,4.71601,-26.4998,-2.19525,-26.6338,-1.28695,-0.289538,4.81852,1.28335
L,-26.6029,-1.11743,-0.018848,4.70493,-26.5998,-1.14277,-26.6451,-1.04586,-0.161615,4.8271,0.0390002
R,-26.6477,-0.894001,0.00188325,4.69628,-27.2008,-1.67678,-26.65,-0.804425,-0.0338883,4.83238,5.0592
L,-26.667,-0.643616,0.0850865,4.72378,-26.7355,-0.59539,-26.6485,-0.562812,0.0935412,4.83439,0.414878
R,-26.6691,-0.403126,0.220076,4.73011,-26.9891,0.0351491,-26.6406,-0.321181,0.220572,4.83317,1.74139
L,-26.6031,-0.107784,0.491583,4.79771,-26.4553,0.0602653,-26.6264,-0.0796947,0.347104,4.82874,3.00883
R,-26.596,0.130915,0.594697,4.7875,-26.9537,0.136944,-26.6059,0.161489,0.473041,4.82116,2.55391
L,-26.5773,0.422877,0.711569,4.85518,-26.6201,0.57588,-26.5792,0.402213,0.598287,4.81045,1.51292
R,-26.5654,0.66232,0.769389,4.83976,-26.8241,0.381508,-26.5462,0.642323,0.722748,4.79667,0.984335
L,-26.5768,0.944534,0.778102,4.89841,-26.7293,1.06082,-26.5069,0.881666,0.846334,4.77986,2.20719
R,-26.5139,1.20309,0.92736,4.89494,-25.9562,2.60409,-26.4616,1.12009,0.968955,4.76007,6.0256
L,-26.4474,1.44022,1.09115,4.85309,-26.3986,1.42212,-26.4101,1.35745,1.09052,4.73737,0.162774
R,-26.4047,1.65913,1.16044,4.79598,-26.5072,-0.563929,-26.3526,1.59361,1.21096,4.71181,8.08668
L,-26.3472,1.87077,1.26976,4.72448,-26.3594,1.79315,-26.2891,1.82841,1.33018,4.68345,0.369656
R,-26.282,2.10285,1.3894,4.68627,-26.3475,1.82827,-26.2197,2.06173,1.44811,4.65235,0.156147
L,-26.2189,2.29691,1.48362,4.5922,-26.2502,2.18481,-26.1444,2.29342,1.56467,4.61859,0.809289
R,-26.1467,2.52363,1.56493,4.55738,-26.069,2.27896,-26.0633,2.52336,1.67979,4.58223,0.411517
L,-26.0659,2.76503,1.67551,4.54172,-26.0641,2.80701,-25.9765,2.75141,1.79339,4.54334,0.106115
R,-25.9896,2.99169,1.79086,4.49968,-26.3234,3.02388,-25.884,2.97746,1.90543,4.502,1.6237
L,-25.8839,3.26838,1.93181,4.53344,-25.8345,3.42005,-25.786,3.20139,2.01582,4.45828,1.51897
R,-25.8124,3.50094,1.9829,4.5106,-26.1824,3.73376,-25.6826,3.42306,2.12452,4.41227,1.94714
L,-25.6985,3.70057,2.11919,4.41487,-25.6666,3.63509,-25.5737,3.64238,2.23146,4.36404,0.323953
R,-25.5793,3.90807,2.25749,4.33396,-25.5773,3.13316,-25.4596,3.85924,2.3366,4.31367,1.15293
L,-25.5332,4.09424,2.21424,4.26694,-25.7492,3.99967,-25.3402,4.07353,2.43989,4.26125,3.25753
R,-25.4059,4.29573,2.35464,4.18538,-25.3516,3.75691,-25.2157,4.28514,2.54127,4.20686,0.73569
L,-25.2209,4.50586,2.59693,4.09046,-25.0214,4.52803,-25.0862,4.49399,2.64071,4.15058,2.36942
R,-25.0414,4.69278,2.78155,3.97061,-24.2719,4.30917,-24.9518,4.69998,2.73817,4.09251,8.40427
L,-24.9332,4.89034,2.81669,3.91992,-25.0363,4.88499,-24.8126,4.90303,2.83361,4.03273,0.626032
R,-24.7651,5.07625,2.9613,3.81758,-24.3609,4.95947,-24.6686,5.10304,2.92701,3.97132,2.12594
L,-24.5897,5.28716,3.11206,3.75965,-24.5041,5.35293,-24.5201,5.29995,3.01833,3.90839,0.678332
R,-24.4238,5.4664,3.2402,3.65129,-24.4379,5.24592,-24.367,5.49367,3.10754,3.84401,0.164328
L,-24.2246,5.63375,3.41202,3.50895,-24.1159,5.61152,-24.2095,5.68415,3.19464,3.77827,0.729153
R,-24.0696,5.79791,3.48034,3.40529,-24.5638,4.75836,-24.0477,5.8713,3.27959,3.71127,3.09587
L,-23.8981,5.95968,3.56731,3.29721,-23.9153,5.94377,-23.8818,6.05508,3.36239,3.64309,0.031984
R,-23.7371,6.13864,3.56985,3.27127,-23.5491,6.44495,-23.7117,6.23542,3.44302,3.57383,1.79511
L,-23.5776,6.29904,3.61363,3.19104,-23.6471,6.29102,-23.5377,6.41227,3.52148,3.50357,0.28178
R,-23.4307,6.47456,3.59743,3.17429,-23.7544,6.53746,-23.3598,6.58559,3.59775,3.4324,1.71075
L,-23.1992,6.69442,3.75432,3.18378,-23.0099,6.86182,-23.1781,6.75533,3.67185,3.36041,3.73241
R,-22.9889,6.82702,3.85586,3.04207,-22.7862,5.74144,-22.9928,6.92146,3.74376,3.28769,4.89683
L,-22.7747,7.00068,3.9601,2.98599,-22.6991,7.063,-22.804,7.08393,3.8135,3.21432,0.560228
R,-22.5603,7.1343,4.0592,2.85362,-22.418,6.76159,-22.6117,7.24273,3.88106,3.14038,0.925194
L,-22.3911,7.28968,4.05862,2.81293,-22.5083,7.31524,-22.4161,7.39781,3.94647,3.06598,0.840229
R,-22.1739,7.42458,4.17213,2.68316,-22.0543,7.85452,-22.2173,7.54917,4.00974,2.99118,0.870002
L,-22.0179,7.60285,4.12817,2.71981,-22.1947,7.69478,-22.0154,7.69679,4.07087,2.91607,2.37844
R,-21.8327,7.77497,4.11826,2.74139,-21.6178,9.0351,-21.8105,7.84064,4.12988,2.84074,4.34093
L,-21.6311,7.91955,4.15979,2.68352,-21.6473,7.94,-21.6026,7.98072,4.18681,2.76526,0.0429063
R,-21.4437,8.05811,4.1678,2.63135,-21.8637,7.78661,-21.392,8.11703,4.24166,2.68971,1.41913
L,-21.1966,8.07458,4.30397,2.28008,-21.0852,7.8323,-21.1787,8.24957,4.29447,2.61416,4.56396
R,-20.9946,8.22264,4.29159,2.30159,-20.5503,9.28616,-20.9628,8.37833,4.34526,2.53871,3.96238
L,-20.841,8.39348,4.21761,2.37919,-21.0519,8.50983,-20.7445,8.50333,4.39406,2.46341,3.45749
R,-20.6005,8.50959,4.32692,2.27132,-19.9265,9.40847,-20.5237,8.62457,4.4409,2.38835,3.7939
L,-20.3463,8.64089,4.42923,2.2142,-20.21,8.68914,-20.3006,8.74206,4.48582,2.31358,1.19748
R,-20.142,8.76748,4.41374,2.20386,-20.2277,8.8532,-20.0754,8.85583,4.52884,2.23919,0.592886
L,-19.9517,8.87406,4.3978,2.14124,-20.0633,8.86724,-19.848,8.96589,4.57001,2.16524,0.708447
R,-19.7468,8.98887,4.3861,2.1162,-19.9264,8.7818,-19.6186,9.07227,4.60937,2.09179,0.561871
L,-19.5175,9.05249,4.44174,1.95077,-19.4861,8.96664,-19.3873,9.17499,4.64694,2.01891,0.538961
R,-19.2775,9.16322,4.50449,1.89866,-18.5719,10.2069,-19.1542,9.27409,4.68278,1.94666,4.19607
L,-18.9711,9.23448,4.67305,1.72687,-18.6786,9.19191,-18.9193,9.36959,4.71692,1.8751,4.974
R,-18.7602,9.32468,4.66213,1.67164,-19.2825,8.98189,-18.6827,9.46154,4.7494,1.80429,1.96493
L,-18.5048,9.42621,4.72553,1.62475,-18.4242,9.46852,-18.4446,9.54997,4.78028,1.73429,0.484991
R,-18.2401,9.45944,4.82043,1.39049,-18.1634,8.72444,-18.2049,9.63492,4.80959,1.66514,3.49255
L,-17.9501,9.59169,4.924,1.42807,-17.7736,9.72478,-17.9639,9.71643,4.83737,1.59691,2.93951
R,-17.6955,9.67294,4.94433,1.38617,-17.2296,9.97767,-17.7214,9.79457,4.86368,1.52964,1.8431
L,-17.4251,9.78709,5.00121,1.40694,-17.3436,9.88109,-17.4777,9.86936,4.88856,1.46338,0.968063
R,-17.1805,9.87026,5.01253,1.36627,-17.1554,10.212,-17.2328,9.94087,4.91205,1.39818,0.547182
L,-16.9192,10.0059,5.04164,1.45872,-16.8876,10.145,-16.9868,10.0091,4.93421,1.33408,1.34777
R,-16.6635,10.0747,5.06919,1.37961,-16.5958,10.1078,-16.7396,10.0743,4.95507,1.27113,0.0371871
L,-16.431,10.1962,5.04589,1.45374,-16.5153,10.3091,-16.4915,10.1363,4.97469,1.20937,1.23408
R,-16.1766,10.2717,5.07443,1.391,-16.09,10.5824,-16.2424,10.1952,4.99311,1.14883,0.49454
L,-15.9424,10.2878,5.06532,1.20621,-16.0059,10.1843,-15.9924,10.2511,5.01039,1.08956,0.949586
R,-15.6931,10.3528,5.072,1.15836,-15.7234,10.41,-15.7416,10.3041,5.02655,1.03159,0.0551219
L,-15.4706,10.336,5.03887,0.921992,-15.5699,10.1904,-15.4899,10.3543,5.04166,0.974957,1.98936
R,-15.1761,10.3647,5.13635,0.759691,-14.2385,10.9109,-15.2376,10.4016,5.05576,0.919692,6.33852
L,-14.9219,10.4235,5.14659,0.730851,-14.9365,10.4722,-14.9846,10.4462,5.06889,0.865828,0.165932
R,-14.6639,10.4362,5.1386,0.623741,-14.724,9.63506,-14.7309,10.4882,5.0811,0.813394,4.28383
L,-14.4125,10.3861,5.12772,0.344265,-14.4088,10.222,-14.4766,10.5276,5.09243,0.762418,1.77455
R,-14.1502,10.4068,5.13817,0.272084,-13.9005,10.5238,-14.2218,10.5645,5.10293,0.712926,0.494926
L,-13.8615,10.5901,5.20916,0.612302,-13.8049,10.9383,-13.9665,10.5989,5.11263,0.664944,8.2748
R,-13.601,10.6397,5.20162,0.629673,-13.3956,10.7857,-13.7107,10.631,5.12159,0.618495,0.76427
L,-13.3474,10.631,5.19793,0.473265,-13.3556,10.5517,-13.4545,10.6608,5.12983,0.573603,0.421558
R,-13.084,10.6594,5.20896,0.426285,-12.9374,10.8137,-13.1979,10.6884,5.13741,0.530288,0.185808
L,-12.8443,10.7826,5.18254,0.632865,-12.9591,11.0099,-12.9409,10.7138,5.14436,0.48857,4.03043
R,-12.5786,10.8338,5.19511,0.645719,-12.2518,11.2495,-12.6836,10.7373,5.15071,0.448467,1.19105
L,-12.3375,10.7818,5.17117,0.395297,-12.3713,10.6091,-12.426,10.7587,5.15651,0.409998,2.04252
R,-12.0778,10.8135,5.17037,0.391536,-11.9352,10.9161,-12.1681,10.7783,5.16179,0.373177,0.305017
L,-11.8411,10.898,5.14186,0.512885,-11.9451,11.0515,-11.91,10.7961,5.16658,0.338022,2.07786
R,-11.5595,10.9124,5.18492,0.444139,-10.9703,10.9676,-11.6516,10.8121,5.17092,0.304546,2.68204
L,-11.3346,10.9315,5.1355,0.402909,-11.4548,10.9407,-11.393,10.8265,5.17484,0.272761,0.827043
R,-11.074,10.8899,5.16655,0.1387,-11.3472,10.5111,-11.1342,10.8394,5.17836,0.242681,3.70869
L,-10.7743,10.8357,5.22031,-0.0815059,-10.6009,10.6822,-10.8753,10.8509,5.18152,0.214317,3.11408
R,-10.5198,10.833,5.21021,-0.143968,-10.6563,10.8369,-10.6161,10.8609,5.18435,0.187679,0.157792
L,-10.2927,10.8347,5.15953,-0.182219,-10.4142,10.8747,-10.3569,10.8697,5.18687,0.162776,0.923797
R,-10.0403,10.8749,5.14151,-0.0715226,-9.90413,11.2255,-10.0976,10.8772,5.1891,0.139618,2.3489
L,-9.78712,10.94,5.14401,0.0536929,-9.83445,11.1032,-9.83808,10.8837,5.19106,0.118212,1.79733
R,-9.55448,10.9155,5.10294,-0.0504287,-10.195,10.3498,-9.57852,10.8891,5.19278,0.0985663,4.01371
L,-9.29716,10.949,5.11079,-0.00191737,-9.3066,11.0348,-9.31887,10.8936,5.19428,0.0806865,0.470869
R,-9.04704,10.9152,5.09612,-0.115024,-9.2226,10.3527,-9.05915,10.8972,5.19557,0.0645787,2.66934
L,-8.7864,10.9572,5.11102,-0.0355716,-8.78899,11.0707,-8.79937,10.9001,5.19667,0.0502481,0.817461
R,-8.5409,10.8975,5.08647,-0.211469,-8.83914,10.0319,-8.53954,10.9023,5.19759,0.0376992,6.58498
L,-8.37083,10.8074,4.93545,-0.441095,-8.62045,10.6577,-8.27965,10.9039,5.19835,0.0269359,5.21774
R,-8.11957,10.8173,4.94035,-0.392275,-7.91543,11.1157,-8.01974,10.905,5.19896,0.0179617,1.23199
L,-7.78487,10.8685,5.08864,-0.261331,-7.51971,11.0005,-7.75979,10.9057,5.19942,0.0107791,5.35904
R,-7.51981,10.8529,5.09721,-0.273418,-7.25987,10.6458,-7.49981,10.9061,5.19975,0.00539028,1.55572
L,-7.24107,10.8354,5.13304,-0.312764,-7.15631,10.815,-7.23983,10.9063,5.19994,0.00179692,0.432256
R,-7.00503,10.8621,5.09467,-0.189773,-7.39396,11.0181,-6.97983,10.9064,5.2,-7.84873e-15,2.78301
